frame_no,team_name,team_score,striker_name,striker_runs,striker_balls,non_striker_name,non_striker_runs,non_striker_balls,bowler_name,bowler_runs,wickets,overs,runrate,reqrun,speed,action
00000,SL,7/138,GUNARATHNE,47,N/A,KULASEKARA,12,0,HENRIQUES,16,0,N/A,N/A,N/A,N/A,N/A
00001,SL,7/138,GUNARATHNE,47,36,KULASEKARA,12,0,HENRIQUES,16,0,N/A,7.67,18.00,N/A,SRI LANKA NEED 36 MORE RUNS TO WIN FROM 12 BALLS
00002,SL,7/138,GUNARATHNE,47,36,KULASEKARA,12,0,HENRIQUES,16,0,N/A,7.67,18.00,118.4KM/H,SRI LANKA NEED 36 MORE RUNS TO WIN FROM 12 BALLS
00003,SL,7/138,GUNARATHNE,47,37,KULASEKARA,12,7,HENRIQUES,16,0,18.1,7.60,19.64,N/A,SRI LANKA NEED 36 MORE RUNS TO WIN FROM 11 BALLS
00004,SL,7/138,GUNARATHNE,47,37,KULASEKARA,12,7,HENRIQUES,16,0,18.1,7.60,19.64,N/A,SRI LANKA NEED 36 MORE RUNS TO WIN FROM 11 BALLS
00005,SL,7/138,GUNARATHNE,47,37,KULASEKARA,12,7,HENRIQUES,16,0,N/A,7.60,19.64,N/A,SRI LANKA NEED 36 MORE RUNS TO WIN FROM 11 BALLS
00006,SL,7/138,GUNARATHNE,47,37,KULASEKARA,12,7,HENRIQUES,16,0,N/A,7.60,19.64,125.5KM/H,SRI LANKA NEED 36 MORE RUNS TO WIN FROM 11 BALLS
00007,SL,7/138,GUNARATHNE,47,37,KULASEKARA,12,7,HENRIQUES,16,0,N/A,7.60,19.64,125.5KM/H,SRI LANKA NEED 36 MORE RUNS TO WIN FROM 11 BALLS
00008,SL,7/138,GUNARATHNE,47,37,KULASEKARA,12,7,HENRIQUES,16,0,N/A,7.60,19.64,125.5KM/H,SRI LANKA NEED 36 MORE RUNS TO WIN FROM 11 BALLS
00009,SL,7/139,GUNARATHNE,47,37,KULASEKARA,12,7,HENRIQUES,16,0,N/A,7.60,19.64,125.5KM/H,SRI LANKA NEED 36 MORE RUNS TO WIN FROM 11 BALLS
00010,SL,7/139,GUNARATHNE,47,37,KULASEKARA,12,0,HENRIQUES,16,0,N/A,7.60,19.64,125.5KM/H,SRI LANKA NEED 36 MORE RUNS TO WIN FROM 11 BALLS
00011,SL,7/144,GUNARATHNE,53,38,KULASEKARA,12,7,HENRIQUES,22,0,18.2,7.85,1,N/A,SRI LANKA NEED 30 MORE RUNS TO WIN FROM 10 BALLS
00012,SL,7/144,GUNARATHNE,53,N/A,KULASEKARA,12,7,HENRIQUES,22,0,18.2,7.85,18.00,N/A,SRI LANKA NEED 30 MORE RUNS TO WIN FROM 10 BALLS
00013,SL,7/144,GUNARATHNE,53,N/A,KULASEKARA,12,7,HENRIQUES,22,0,18.2,7.85,18.00,N/A,SRI LANKA NEED 30 MORE RUNS TO WIN FROM 10 BALLS
00014,SL,7/144,GUNARATHNE,53,N/A,KULASEKARA,12,0,HENRIQUES,22,0,N/A,7.85,18.00,125.6KM/H,SRI LANKA NEED 30 MORE RUNS TO WIN FROM 10 BALLS
00015,SL,7/144,GUNARATHNE,53,N/A,KULASEKARA,12,0,HENRIQUES,22,0,N/A,7.85,18.00,125.6KM/H,SRI LANKA NEED 30 MORE RUNS TO WIN FROM 10 BALLS
00016,SL,7/144,GUNARATHNE,53,N/A,KULASEKARA,12,0,HENRIQUES,22,0,N/A,7.85,18.00,125.6KM/H,SRI LANKA NEED 30 MORE RUNS TO WIN FROM 10 BALLS
00017,SL,7/144,GUNARATHNE,53,N/A,KULASEKARA,12,0,HENRIQUES,22,0,N/A,7.85,18.00,125.6KM/H,SRI LANKA NEED 30 MORE RUNS TO WIN FROM 10 BALLS
00018,SL,7/144,GUNARATHNE,53,N/A,KULASEKARA,12,0,HENRIQUES,22,0,N/A,7.85,18.00,125.6KM/H,SRI LANKA NEED 30 MORE RUNS TO WIN FROM 10 BALLS
00019,SL,7/144,GUNARATHNE,53,N/A,KULASEKARA,12,0,HENRIQUES,22,0,N/A,7.85,18.00,125.6KM/H,SRI LANKA NEED 30 MORE RUNS TO WIN FROM 10 BALLS
00020,SL,7/144,GUNARATHNE,53,N/A,KULASEKARA,12,0,HENRIQUES,22,0,N/A,7.85,18.00,125.6KM/H,SRI LANKA NEED 30 MORE RUNS TO WIN FROM 10 BALLS
00021,SL,7/144,GUNARATHNE,53,N/A,KULASEKARA,12,7,HENRIQUES,22,0,N/A,7.85,18.00,125.6KM/H,SRI LANKA NEED 30 MORE RUNS TO WIN FROM 10 BALLS
00022,SL,7/144,GUNARATHNE,53,N/A,KULASEKARA,12,0,HENRIQUES,22,0,N/A,7.85,18.00,125.6KM/H,SRI LANKA NEED 30 MORE RUNS TO WIN FROM 10 BALLS
00023,SL,7/144,GUNARATHNE,53,N/A,KULASEKARA,12,0,HENRIQUES,22,0,N/A,7.85,18.00,125.6KM/H,SRI LANKA NEED 30 MORE RUNS TO WIN FROM 10 BALLS
00024,SL,7/144,GUNARATHNE,53,N/A,KULASEKARA,12,0,HENRIQUES,22,0,N/A,7.85,18.00,125.6KM/H,SRI LANKA NEED 30 MORE RUNS TO WINFROM 10 BALLS
00025,SL,7/144,GUNARATHNE,53,N/A,KULASEKARA,12,7,HENRIQUES,22,0,N/A,7.85,18.00,125.6KM/H,SRI LANKA NEED 30 MORE RUNS TO WIN FROM 10 BALLS
00026,SL,7/144,GUNARATHNE,53,N/A,KULASEKARA,12,7,HENRIQUES,22,0,N/A,7.85,18.00,125.6KM/H,SRI LANKA NEED 30 MORE RUNS TO WIN FROM 10 BALLS
00027,SL,7/144,GUNARATHNE,53,N/A,KULASEKARA,12,7,HENRIQUES,22,0,N/A,7.85,18.00,125.6KM/H,SRI LANKA NEED 30 MORE RUNS TO WIN FROM 10 BALLS
00028,PAK,1/140,BABAR,34,N/A,HAFEEZ,71,102,STARC,36,0,30.2,4.62,4.12,N/A,PAKISTAN NEED 81 MORE RUNS TO WIN FROM 118 BALLS
00029,PAK,1/140,BABAR,34,N/A,HAFEEZ,71,102,STARC,36,0,N/A,4.62,4.12,N/A,PAKISTAN NEED 81 MORE RUNS TO WIN FROM 118 BALLS
00030,PAK,1/140,BABAR,34,N/A,HAFEEZ,71,102,STARC,36,0,N/A,4.62,4.12,N/A,PAKISTAN NEED 81 MORE RUNS TO WIN FROM 118 BALLS
00031,PAK,1/140,BABAR,34,N/A,HAFEEZ,71,102,STARC,36,0,N/A,4.62,4.12,144.3KM/H,PAKISTAN NEED 81 MORE RUNS TO WIN FROM 118 BALLS
00032,PAK,1/140,BABAR,34,N/A,HAFEEZ,71,102,STARC,36,0,N/A,4.62,4.12,144.3KM/H,PAKISTAN NEED 81 MORE RUNS TO WIN FROM 118 BALLS
00033,PAK,1/140,BABAR,34,N/A,HAFEEZ,71,102,STARC,36,0,N/A,N/A,4.12,144.3KM/H,PAKISTAN NEED 81 MORE RUNS TO WIN FROM 118 BALLS
00034,PAK,1/140,BABAR,34,N/A,HAFEEZ,71,102,STARC,36,0,N/A,4.62,4.12,144.3KM/H,PAKISTAN NEED 81 MORE RUNS TOWIN FROM 118 BALLS
00035,PAK,1/140,BABAR,34,N/A,HAFEEZ,71,102,STARC,36,0,N/A,4.62,4.12,144.3KM/H,PAKISTAN NEED 81 MORE RUNS TOWIN FROM 118 BALLS
00036,PAK,1/140,BABAR,34,N/A,HAFEEZ,71,102,STARC,36,0,N/A,4.62,4.12,144.3KM/H,PAKISTAN NEED 81 MORE RUNS TOWIN FROM 118 BALLS
00037,PAK,1/140,BABAR,34,N/A,HAFEEZ,71,102,STARC,36,0,N/A,4.62,4.12,144.3KM/H,PAKISTAN NEED 81 MORE RUNS TO WIN FROM 118 BALLS
00038,PAK,1/140,BABAR,34,N/A,HAFEEZ,71,102,STARC,36,0,N/A,4.62,4.12,144.3KM/H,PAKISTAN NEED 81 MORE RUNS TO WIN FROM 118 BALLS
00039,PAK,2/142,HAFEEZ,72,103,N/A,N/A,N/A,FAULKNER,29,1,31.4,4.48,4.31,N/A,PAKISTAN NEED 79 MORE RUNS TO WIN FROM 110 BALLS
00040,PAK,2/142,HAFEEZ,72,103,N/A,N/A,N/A,FAULKNER,29,1,31.4,4.48,4.31,N/A,PAKISTAN NEED 79 MORE RUNS TO WIN FROM 110 BALLS
00041,PAK,3/152,MALIK,6,14,SHAFIQ,2,0,CUMMINS,34,0,N/A,4.34,4.60,N/A,PAKISTAN NEED 69 MORE RUNS TO WIN FROM 90 BALLS
00042,PAK,3/152,MALIK,614,N/A,SHAFIQ,2,0,CUMMINS,34,0,N/A,4.34,4.60,141.9KM/H,PAKISTAN NEED 69 MORE RUNS TOWIN FROM 90 BALLS
00043,PAK,3/152,MALIK,6,14,SHAFIQ,2,0,CUMMINS,34,0,N/A,4.34,4.60,N/A,PAKISTAN NEED 69 MORE RUNS TO WIN FROM 90 BALLS
00044,PAK,3/157,MALIK,10,N/A,SHAFIQ,2,0,CUMMINS,39,0,35.2,4.44,4.36,N/A,PAKISTAN NEED 64 MORE RUNS TO WIN FROM 88 BALLS
00045,DE,N/A,MALIK,10,N/A,SHAFIQ,2,0,CUMMINS,39,0,35.2,4.44,4.36,N/A,PAKISTAN NEED 64 MORE RUNS TO WIN FROM 88 BALLS
00046,PAK,3/157,MALIK,10,N/A,SPEED,142,0,CUMMINS,39,0,N/A,4.44,4.36,N/A,PAKISTAN NEED 64 MORE RUNS TO WIN FROM 88 BALLS
00047,PAK,3/157,MALIK,10,N/A,SHAFIQ,2,0,CUMMINS,39,0,N/A,4.44,4.36,142.0KM/H,PAKISTAN NEED 64 MORE RUNS TO WIN FROM 88 BALLS
00048,PAK,3/157,MALIK,10,N/A,SHAFIQ,2,0,CUMMINS,39,0,N/A,4.44,4.36,142.0KM/H,PAKISTAN NEED 64 MORE RUNS TO WIN FROM 88 BALLS
00049,PAK,3/157,MALIK,10,N/A,SHAFIQ,2,0,CUMMINS,39,0,N/A,4.44,4.36,142.0KM/H,PAKISTAN NEED 64 MORE RUNS TO WIN FROM 88 BALLS
00050,PAK,3/157,MALIK,10,N/A,SHAFIQ,2,0,CUMMINS,39,0,N/A,4.44,4.36,142.0KM/H,PAKISTAN NEED 64 MORE RUNS TO WIN FROM 88 BALLS
00051,PAK,3/157,MALIK,10,N/A,SHAFIQ,2,0,CUMMINS,39,0,N/A,4.44,4.36,142.0KM/H,PAKISTAN NEED 64 MORE RUNS TOWIN FROM 88 BALLS
00052,PAK,3/157,MALIK,10,N/A,SHAFIQ,2,0,CUMMINS,39,0,N/A,4.44,4.36,142.0KM/H,PAKISTAN NEED 64 MORE RUNS TOWIN FROM 88 BALLS
00053,PAK,3/157,MALIK,10,N/A,SHAFIQ,2,0,CUMMINS,39,0,N/A,4.44,4.36,142.0KM/H,PAKISTAN NEED 64 MORE RUNS TO WIN FROM 88 BALLS
00054,PAK,3/157,MALIK,10,N/A,SHAFIQ,2,0,CUMMINS,39,0,N/A,4.44,4.36,142.0KM/H,PAKISTAN NEED 64 MORE RUNS TO WIN FROM 88 BALLS
00055,PAK,3/157,MALIK,10,N/A,SHAFIQ,2,0,CUMMINS,39,0,N/A,4.44,4.36,142.0KM/H,PAKISTAN NEED 64 MORE RUNS TO WIN FROM 88 BALLS
00056,N/A,N/A,N/A,N/A,N/A,N/A,N/A,N/A,N/A,N/A,N/A,N/A,N/A,N/A,N/A,N/A
00057,PAK,4/157,N/A,N/A,N/A,N/A,N/A,N/A,N/A,N/A,N/A,35.3,4.42,4.41,N/A,PAKISTAN NEED 64 MORE RUNS TO WIN FROM 87 BALLS
00058,PAK,3/160,MALIK,12,N/A,SHAFIQ,3,0,HAZLEWOOD,24,0,36.3,4.38,4.52,N/A,PAKISTAN NEED 61 MORE RUNS TOWIN FROM 81 BALLS
00059,PAK,3/160,MALIK,12,20,SHAFIQ,3,0,HAZLEWOOD,24,0,36.3,4.38,4.52,N/A,PAKISTAN NEED 61 MORE RUNS TOWIN FROM 81 BALLS
00060,PAK,3/160,MALIK,12,20,SHAFIQ,3,0,HAZLEWOOD,24,0,36.3,4.38,4.52,N/A,PAKISTAN NEED 61 MORE RUNS TOWIN FROM 81 BALLS
00061,PAK,3/160,MALIK,12,N/A,SHAFIQ,3,14,HAZLEWOOD,24,0,36.3,4.38,4.52,N/A,PAKISTAN NEED 61 MORE RUNS TOWIN FROM 81 BALLS
00062,PAK,3/160,MALIK,12,N/A,SHAFIQ,3,0,HAZLEWOOD,24,0,N/A,4.38,4.52,135.0KM/H,PAKISTAN NEED 61 MORE RUNS TOWIN FROM 81 BALLS
00063,PAK,3/160,MALIK,12,N/A,SHAFIQ,3,0,HAZLEWOOD,24,0,N/A,4.38,4.52,135.0KM/H,PAKISTANNEED 61 MORE RUNS TO WIN FROM 81 BALLS
00064,PAK,3/195,SHAFIQ,13,28,MALIK,35,43,STARC,45,1,42.4,4.57,3.55,N/A,PAKISTAN NEED 26 MORE RUNS TO WIN FROM 44 BALLS
00065,PAK,3/195,SHAFIQ,13,28,MALIK,35,43,STARC,45,1,N/A,4.57,3.55,142.7KM/H,PAKISTAN NEED 26 MORE RUNS TO WIN FROM 44 BALLS
00066,PAK,3/195,SHAFIQ,13,28,MALIK,35,0,STARC,45,1,N/A,4.57,3.55,142.7KM/H,PAKISTAN NEED 26 MORE RUNS TOWIN FROM 44 BALLS
00067,PAK,4/203,UAKMAL,3,6,MALIK,40,47,FAULKNER,29,2,44.3,4.56,3.27,N/A,PAKISTAN NEED 18 MORE RUNS TO WIN FROM 33 BALLS
00068,ENG,9/302,BROAD,20,31,ANDERSON,5,9,HAZLEWOOD,57,0,N/A,N/A,N/A,139.0KM/H,N/A
00069,ENG,9/302,BROAD,20,N/A,ANDERSON,5,9,HAZLEWOOD,57,0,N/A,N/A,N/A,139.0KM/H,N/A
00070,ENG,N/A,N/A,N/A,N/A,N/A,N/A,N/A,N/A,N/A,N/A,N/A,N/A,N/A,N/A,N/A
00071,N/A,N/A,N/A,N/A,N/A,N/A,N/A,N/A,N/A,N/A,N/A,N/A,N/A,N/A,N/A,N/A
00072,N/A,N/A,N/A,N/A,N/A,N/A,N/A,N/A,N/A,N/A,N/A,N/A,N/A,N/A,N/A,N/A
00073,N/A,N/A,N/A,N/A,N/A,N/A,N/A,N/A,N/A,N/A,N/A,N/A,N/A,N/A,N/A,N/A
00074,N/A,N/A,N/A,N/A,N/A,N/A,N/A,N/A,N/A,N/A,N/A,N/A,N/A,N/A,N/A,N/A
00075,N/A,N/A,N/A,N/A,N/A,N/A,N/A,N/A,N/A,N/A,N/A,N/A,N/A,N/A,N/A,N/A
00076,N/A,N/A,N/A,N/A,N/A,N/A,N/A,N/A,N/A,N/A,N/A,N/A,N/A,N/A,N/A,N/A
00077,N/A,N/A,N/A,N/A,N/A,N/A,N/A,N/A,N/A,N/A,N/A,N/A,N/A,N/A,N/A,N/A
00078,ENG,N/A,N/A,N/A,N/A,N/A,N/A,N/A,N/A,N/A,N/A,N/A,N/A,N/A,N/A,N/A
00079,N/A,N/A,N/A,N/A,N/A,N/A,N/A,N/A,N/A,N/A,N/A,N/A,N/A,N/A,N/A,N/A
00080,N/A,N/A,N/A,N/A,N/A,N/A,N/A,N/A,N/A,N/A,N/A,N/A,N/A,N/A,N/A,N/A
00081,ENG,N/A,N/A,N/A,N/A,N/A,N/A,N/A,N/A,N/A,N/A,N/A,N/A,N/A,N/A,N/A
00082,N/A,N/A,N/A,N/A,N/A,N/A,N/A,N/A,N/A,N/A,N/A,N/A,N/A,N/A,N/A,N/A
00083,N/A,N/A,N/A,N/A,N/A,N/A,N/A,N/A,N/A,N/A,N/A,N/A,N/A,N/A,N/A,N/A
00084,N/A,N/A,N/A,N/A,N/A,N/A,N/A,N/A,N/A,N/A,N/A,N/A,N/A,N/A,N/A,N/A
00085,N/A,N/A,N/A,N/A,N/A,N/A,N/A,N/A,N/A,N/A,N/A,N/A,N/A,N/A,N/A,N/A
00086,N/A,N/A,N/A,N/A,N/A,N/A,N/A,N/A,N/A,N/A,N/A,N/A,N/A,N/A,N/A,N/A
00087,N/A,N/A,N/A,N/A,N/A,N/A,N/A,N/A,N/A,N/A,N/A,N/A,N/A,N/A,N/A,N/A
00088,AUS,0/7,BANCROFT,5,N/A,WARNER,2,3,BROAD,3,0,3.3,N/A,N/A,N/A,N/A
00089,N/A,N/A,N/A,N/A,N/A,N/A,N/A,N/A,N/A,N/A,N/A,N/A,N/A,N/A,N/A,N/A
00090,N/A,N/A,N/A,N/A,N/A,N/A,N/A,N/A,N/A,N/A,N/A,N/A,N/A,N/A,N/A,N/A
00091,N/A,N/A,N/A,N/A,N/A,N/A,N/A,N/A,N/A,N/A,N/A,N/A,N/A,N/A,N/A,N/A
00092,N/A,N/A,N/A,N/A,N/A,N/A,N/A,N/A,N/A,N/A,N/A,N/A,N/A,N/A,N/A,N/A
00093,N/A,N/A,N/A,N/A,N/A,N/A,N/A,N/A,N/A,N/A,N/A,N/A,N/A,N/A,N/A,N/A
00094,N/A,N/A,N/A,N/A,N/A,N/A,N/A,N/A,N/A,N/A,N/A,N/A,N/A,N/A,N/A,N/A
00095,N/A,N/A,N/A,N/A,N/A,N/A,N/A,N/A,N/A,N/A,N/A,N/A,N/A,N/A,N/A,N/A
00096,N/A,N/A,N/A,N/A,N/A,N/A,N/A,N/A,N/A,N/A,N/A,N/A,N/A,N/A,N/A,N/A
00097,N/A,N/A,N/A,N/A,N/A,N/A,N/A,N/A,N/A,N/A,N/A,N/A,N/A,N/A,N/A,N/A
00098,N/A,N/A,N/A,N/A,N/A,N/A,N/A,N/A,N/A,N/A,N/A,N/A,N/A,N/A,N/A,N/A
00099,N/A,N/A,N/A,N/A,N/A,N/A,N/A,N/A,N/A,N/A,N/A,N/A,N/A,N/A,N/A,N/A
00100,AUS,1/7,N/A,N/A,N/A,N/A,N/A,N/A,N/A,N/A,N/A,3.4,N/A,N/A,N/A,N/A
00101,AUS,1/8,KHAWAJA,0,5,WARNER,3,0,ANDERSON,5,0,4.4,N/A,N/A,N/A,N/A
00102,N/A,N/A,N/A,N/A,N/A,N/A,N/A,N/A,N/A,N/A,N/A,N/A,N/A,N/A,N/A,N/A
00103,N/A,N/A,N/A,N/A,N/A,N/A,N/A,N/A,N/A,N/A,N/A,N/A,N/A,N/A,N/A,N/A
00104,ENG,N/A,N/A,N/A,N/A,ENG,302,0,N/A,N/A,N/A,N/A,N/A,N/A,N/A,N/A
00105,N/A,N/A,N/A,N/A,N/A,N/A,N/A,N/A,N/A,N/A,N/A,N/A,N/A,N/A,N/A,N/A
00106,N/A,N/A,N/A,N/A,N/A,N/A,N/A,N/A,N/A,N/A,N/A,N/A,N/A,N/A,N/A,N/A
00107,N/A,N/A,N/A,N/A,N/A,N/A,N/A,N/A,N/A,N/A,N/A,N/A,N/A,N/A,N/A,N/A
00108,N/A,N/A,N/A,N/A,N/A,N/A,N/A,N/A,N/A,N/A,N/A,N/A,N/A,N/A,N/A,N/A
00109,N/A,N/A,N/A,N/A,N/A,N/A,N/A,N/A,N/A,N/A,N/A,N/A,N/A,N/A,N/A,N/A
00110,N/A,N/A,N/A,N/A,N/A,N/A,N/A,N/A,N/A,N/A,N/A,N/A,N/A,N/A,N/A,N/A
00111,N/A,N/A,N/A,N/A,N/A,N/A,N/A,N/A,N/A,N/A,N/A,N/A,N/A,N/A,N/A,N/A
00112,N/A,N/A,N/A,N/A,N/A,N/A,N/A,N/A,N/A,N/A,N/A,N/A,N/A,N/A,N/A,N/A
00113,N/A,N/A,N/A,N/A,N/A,N/A,N/A,N/A,N/A,N/A,N/A,N/A,N/A,N/A,N/A,N/A
00114,N/A,N/A,N/A,N/A,N/A,N/A,N/A,N/A,N/A,N/A,N/A,N/A,N/A,N/A,N/A,N/A
00115,N/A,N/A,N/A,N/A,N/A,N/A,N/A,N/A,N/A,N/A,N/A,N/A,N/A,N/A,N/A,N/A
00116,N/A,N/A,N/A,N/A,N/A,N/A,N/A,N/A,N/A,N/A,N/A,N/A,N/A,N/A,N/A,N/A
00117,N/A,N/A,N/A,N/A,N/A,N/A,N/A,N/A,N/A,N/A,N/A,N/A,N/A,N/A,N/A,N/A
00118,N/A,N/A,N/A,N/A,N/A,N/A,N/A,N/A,N/A,N/A,N/A,N/A,N/A,N/A,N/A,N/A
00119,N/A,N/A,N/A,N/A,N/A,N/A,N/A,N/A,N/A,N/A,N/A,N/A,N/A,N/A,N/A,N/A
00120,N/A,N/A,N/A,N/A,N/A,N/A,N/A,N/A,N/A,N/A,N/A,N/A,N/A,N/A,N/A,N/A
00121,N/A,N/A,N/A,N/A,N/A,N/A,N/A,N/A,N/A,N/A,N/A,N/A,N/A,N/A,N/A,N/A
00122,N/A,N/A,N/A,N/A,N/A,N/A,N/A,N/A,N/A,N/A,N/A,N/A,N/A,N/A,N/A,N/A
00123,N/A,N/A,N/A,N/A,N/A,N/A,N/A,N/A,N/A,N/A,N/A,N/A,N/A,N/A,N/A,N/A
00124,N/A,N/A,N/A,N/A,N/A,N/A,N/A,N/A,N/A,N/A,N/A,N/A,N/A,N/A,N/A,N/A
00125,N/A,N/A,N/A,N/A,N/A,N/A,N/A,N/A,N/A,N/A,N/A,N/A,N/A,N/A,N/A,N/A
00126,AUS,2/59,WARNER,26,42,SMITH,16,33,BALL,5,0,19.3,N/A,N/A,N/A,N/A
00127,N/A,N/A,N/A,N/A,N/A,N/A,N/A,N/A,N/A,N/A,N/A,N/A,N/A,N/A,N/A,N/A
00128,AUS,3/76,HANDSCOMB,14,16,SMITH,19,47,ANDERSON,12,0,24.4,N/A,N/A,N/A,N/A
00129,AUS,3/76,HANDSCOMB,14,16,SMITH,19,47,ANDERSON,12,0,24.4,N/A,N/A,N/A,N/A
00130,AUS,3/76,HANDSCOMB,14,16,SMITH,19,0,ANDERSON,12,0,24.4,N/A,N/A,N/A,N/A
00131,AUS,3/76,HANDSCOMB,14,N/A,SMITH,19,0,ANDERSON,12,0,24.4,N/A,N/A,N/A,N/A
00132,AUS,3/76,HANDSCOMB,14,16,SMITH,19,47,ANDERSON,12,0,24.4,N/A,N/A,N/A,N/A
00133,AUS,3/76,HANDSCOMB,14,16,SMITH,19,47,ANDERSON,12,0,24.4,N/A,N/A,N/A,N/A
00134,AUS,3/76,HANDSCOMB,14,16,SMITH,19,47,ANDERSON,12,0,24.4,N/A,N/A,N/A,N/A
00135,AUS,3/76,HANDSCOMB,14,16,SMITH,19,47,ANDERSON,12,0,24.4,N/A,N/A,N/A,N/A
00136,AUS,3/76,HANDSCOMB,14,16,SMITH,19,47,ANDERSON,12,0,24.4,N/A,N/A,N/A,N/A
00137,AUS,3/76,HANDSCOMB,14,16,SMITH,19,47,ANDERSON,12,0,24.4,N/A,N/A,N/A,N/A
00138,AUS,3/76,HANDSCOMB,14,16,SMITH,19,47,ANDERSON,12,0,24.4,N/A,N/A,N/A,N/A
00139,AUS,3/76,HANDSCOMB,1416,N/A,SMITH,19,47,ANDERSON,12,0,24.4,N/A,N/A,N/A,N/A
00140,AUS,3/76,HANDSCOMB,14,16,SMITH,19,47,ANDERSON,12,0,24.4,N/A,N/A,N/A,N/A
00141,IN,N/A,N/A,N/A,N/A,N/A,N/A,N/A,N/A,N/A,N/A,N/A,N/A,N/A,N/A,N/A
00142,N/A,N/A,N/A,N/A,N/A,N/A,N/A,N/A,N/A,N/A,N/A,N/A,N/A,N/A,N/A,N/A
00143,N/A,N/A,N/A,N/A,N/A,N/A,N/A,N/A,N/A,N/A,N/A,N/A,N/A,N/A,N/A,N/A
00144,N/A,N/A,N/A,N/A,N/A,N/A,N/A,N/A,N/A,N/A,N/A,N/A,N/A,N/A,N/A,N/A
00145,N/A,N/A,N/A,N/A,N/A,N/A,N/A,N/A,N/A,N/A,N/A,N/A,N/A,N/A,N/A,N/A
00146,MA,N/A,N/A,N/A,N/A,N/A,N/A,N/A,N/A,N/A,N/A,N/A,N/A,N/A,N/A,N/A
00147,N/A,N/A,N/A,N/A,N/A,N/A,N/A,N/A,N/A,N/A,N/A,N/A,N/A,N/A,N/A,N/A
00148,N/A,N/A,N/A,N/A,N/A,N/A,N/A,N/A,N/A,N/A,N/A,N/A,N/A,N/A,N/A,N/A
00149,N/A,N/A,N/A,N/A,N/A,N/A,N/A,N/A,N/A,N/A,N/A,N/A,N/A,N/A,N/A,N/A
00150,N/A,N/A,N/A,N/A,N/A,N/A,N/A,N/A,N/A,N/A,N/A,N/A,N/A,N/A,N/A,N/A
00151,N/A,N/A,N/A,N/A,N/A,N/A,N/A,N/A,N/A,N/A,N/A,N/A,N/A,N/A,N/A,N/A
00152,N/A,N/A,N/A,N/A,N/A,N/A,N/A,N/A,N/A,N/A,N/A,N/A,N/A,N/A,N/A,N/A
00153,N/A,N/A,N/A,N/A,N/A,N/A,N/A,N/A,N/A,N/A,N/A,N/A,N/A,N/A,N/A,N/A
00154,N/A,N/A,N/A,N/A,N/A,N/A,N/A,N/A,N/A,N/A,N/A,N/A,N/A,N/A,N/A,N/A
00155,N/A,N/A,N/A,N/A,N/A,N/A,N/A,N/A,N/A,N/A,N/A,N/A,N/A,N/A,N/A,N/A
00156,N/A,N/A,N/A,N/A,N/A,N/A,N/A,N/A,N/A,N/A,N/A,N/A,N/A,N/A,N/A,N/A
00157,N/A,N/A,N/A,N/A,N/A,N/A,N/A,N/A,N/A,N/A,N/A,N/A,N/A,N/A,N/A,N/A
00158,N/A,N/A,N/A,N/A,N/A,N/A,N/A,N/A,N/A,N/A,N/A,N/A,N/A,N/A,N/A,N/A
00159,N/A,N/A,N/A,N/A,N/A,N/A,N/A,N/A,N/A,N/A,N/A,N/A,N/A,N/A,N/A,N/A
00160,N/A,N/A,N/A,N/A,N/A,N/A,N/A,N/A,N/A,N/A,N/A,N/A,N/A,N/A,N/A,N/A
00161,N/A,N/A,N/A,N/A,N/A,N/A,N/A,N/A,N/A,N/A,N/A,N/A,N/A,N/A,N/A,N/A
00162,N/A,N/A,N/A,N/A,N/A,N/A,N/A,N/A,N/A,N/A,N/A,N/A,N/A,N/A,N/A,N/A
00163,N/A,N/A,N/A,N/A,N/A,N/A,N/A,N/A,N/A,N/A,N/A,N/A,N/A,N/A,N/A,N/A
00164,N/A,N/A,N/A,N/A,N/A,N/A,N/A,N/A,N/A,N/A,N/A,N/A,N/A,N/A,N/A,N/A
00165,N/A,N/A,N/A,N/A,N/A,N/A,N/A,N/A,N/A,N/A,N/A,N/A,N/A,N/A,N/A,N/A
00166,N/A,N/A,N/A,N/A,N/A,N/A,N/A,N/A,N/A,N/A,N/A,N/A,N/A,N/A,N/A,N/A
00167,N/A,N/A,N/A,N/A,N/A,N/A,N/A,N/A,N/A,N/A,N/A,N/A,N/A,N/A,N/A,N/A
00168,N/A,N/A,N/A,N/A,N/A,N/A,N/A,N/A,N/A,N/A,N/A,N/A,N/A,N/A,N/A,N/A
00169,N/A,N/A,N/A,N/A,N/A,N/A,N/A,N/A,N/A,N/A,N/A,N/A,N/A,N/A,N/A,N/A
00170,N/A,N/A,N/A,N/A,N/A,N/A,N/A,N/A,N/A,N/A,N/A,N/A,N/A,N/A,N/A,N/A
00171,N/A,N/A,N/A,N/A,N/A,N/A,N/A,N/A,N/A,N/A,N/A,N/A,N/A,N/A,N/A,N/A
00172,N/A,N/A,N/A,N/A,N/A,N/A,N/A,N/A,N/A,N/A,N/A,N/A,N/A,N/A,N/A,N/A
00173,N/A,N/A,N/A,N/A,N/A,N/A,N/A,N/A,N/A,N/A,N/A,N/A,N/A,N/A,N/A,N/A
00174,N/A,N/A,N/A,N/A,N/A,N/A,N/A,N/A,N/A,N/A,N/A,N/A,N/A,N/A,N/A,N/A
00175,N/A,N/A,N/A,N/A,N/A,N/A,N/A,N/A,N/A,N/A,N/A,N/A,N/A,N/A,N/A,N/A
00176,N/A,N/A,N/A,N/A,N/A,N/A,N/A,N/A,N/A,N/A,N/A,N/A,N/A,N/A,N/A,N/A
00177,N/A,N/A,N/A,N/A,N/A,N/A,N/A,N/A,N/A,N/A,N/A,N/A,N/A,N/A,N/A,N/A
00178,N/A,N/A,N/A,N/A,N/A,N/A,N/A,N/A,N/A,N/A,N/A,N/A,N/A,N/A,N/A,N/A
00179,N/A,N/A,N/A,N/A,N/A,N/A,N/A,N/A,N/A,N/A,N/A,N/A,N/A,N/A,N/A,N/A
00180,N/A,N/A,N/A,N/A,N/A,N/A,N/A,N/A,N/A,N/A,N/A,N/A,N/A,N/A,N/A,N/A
00181,N/A,N/A,N/A,N/A,N/A,N/A,N/A,N/A,N/A,N/A,N/A,N/A,N/A,N/A,N/A,N/A
00182,N/A,N/A,N/A,N/A,N/A,N/A,N/A,N/A,N/A,N/A,N/A,N/A,N/A,N/A,N/A,N/A
00183,N/A,9/302,BROAD,20,N/A,ANDERSON,5,9,HAZLEWOOD,57,0,N/A,N/A,N/A,N/A,N/A
00184,N/A,9/302,BROAD,20,N/A,ANDERSON,5,0,HAZLEWOOD,57,0,N/A,N/A,N/A,N/A,N/A
00185,ENG,9/302,BROAD,20,31,ANDERSON,5,9,HAZLEWOOD,57,0,N/A,N/A,N/A,N/A,N/A
00186,N/A,9/302,BROAD,20,31,ANDERSON,5,0,HAZLEWOOD,57,0,N/A,N/A,N/A,N/A,N/A
00187,ENG,9/302,BROAD,20,N/A,ANDERSON,5,9,HAZLEWOOD,57,0,N/A,N/A,N/A,139.0KM/H,N/A
00188,ENG,9/302,BROAD,20,N/A,ANDERSON,5,9,HAZLEWOOD,57,0,N/A,N/A,N/A,139.0KM/H,N/A
00189,ENG,9/302,BROAD,20,31,ANDERSON,5,9,HAZLEWOOD,57,0,N/A,N/A,N/A,139.0KM/H,N/A
00190,ENG,9/302,BROAD,20,31,ANDERSON,5,9,HAZLEWOOD,57,0,N/A,N/A,N/A,139.0KM/H,N/A
00191,ENG,9/302,BROAD,20,31,ANDERSON,5,0,HAZLEWOOD,57,0,N/A,N/A,N/A,139.0KM/H,N/A
00192,ENG,9/302,BROAD,20,31,ANDERSON,5,9,HAZLEWOOD,57,0,N/A,N/A,N/A,139.0KM/H,N/A
00193,ENG,9/302,BROAD,20,31,ANDERSON,5,9,HAZLEWOOD,57,0,N/A,N/A,N/A,139.0KM/H,N/A
00194,ENG,9/302,BROAD,20,31,ANDERSON,5,9,HAZLEWOOD,57,0,N/A,N/A,N/A,139.0KM/H,N/A
00195,ENG,9/302,BROAD,20,N/A,ANDERSON,5,9,HAZLEWOOD,57,0,N/A,N/A,N/A,139.0KM/H,N/A
00196,ENG,N/A,N/A,N/A,N/A,N/A,N/A,N/A,N/A,N/A,N/A,N/A,N/A,N/A,N/A,N/A
00197,N/A,N/A,N/A,N/A,N/A,N/A,N/A,N/A,N/A,N/A,N/A,N/A,N/A,N/A,N/A,N/A
00198,N/A,N/A,N/A,N/A,N/A,N/A,N/A,N/A,N/A,N/A,N/A,N/A,N/A,N/A,N/A,N/A
00199,N/A,N/A,N/A,N/A,N/A,N/A,N/A,N/A,N/A,N/A,N/A,N/A,N/A,N/A,N/A,N/A
00200,N/A,N/A,N/A,N/A,N/A,N/A,N/A,N/A,N/A,N/A,N/A,N/A,N/A,N/A,N/A,N/A
00201,N/A,N/A,N/A,N/A,N/A,N/A,N/A,N/A,N/A,N/A,N/A,N/A,N/A,N/A,N/A,N/A
00202,N/A,N/A,N/A,N/A,N/A,N/A,N/A,N/A,N/A,N/A,N/A,N/A,N/A,N/A,N/A,N/A
00203,N/A,N/A,N/A,N/A,N/A,N/A,N/A,N/A,N/A,N/A,N/A,N/A,N/A,N/A,N/A,N/A
00204,ENG,N/A,N/A,N/A,N/A,N/A,N/A,N/A,N/A,N/A,N/A,N/A,N/A,N/A,N/A,N/A
00205,N/A,N/A,N/A,N/A,N/A,N/A,N/A,N/A,N/A,N/A,N/A,N/A,N/A,N/A,N/A,N/A
00206,N/A,N/A,N/A,N/A,N/A,N/A,N/A,N/A,N/A,N/A,N/A,N/A,N/A,N/A,N/A,N/A
00207,ENG,N/A,N/A,N/A,N/A,N/A,N/A,N/A,N/A,N/A,N/A,N/A,N/A,N/A,N/A,N/A
00208,N/A,N/A,N/A,N/A,N/A,N/A,N/A,N/A,N/A,N/A,N/A,N/A,N/A,N/A,N/A,N/A
00209,N/A,N/A,N/A,N/A,N/A,N/A,N/A,N/A,N/A,N/A,N/A,N/A,N/A,N/A,N/A,N/A
00210,N/A,N/A,N/A,N/A,N/A,N/A,N/A,N/A,N/A,N/A,N/A,N/A,N/A,N/A,N/A,N/A
00211,N/A,N/A,N/A,N/A,N/A,N/A,N/A,N/A,N/A,N/A,N/A,N/A,N/A,N/A,N/A,N/A
00212,N/A,N/A,N/A,N/A,N/A,N/A,N/A,N/A,N/A,N/A,N/A,N/A,N/A,N/A,N/A,N/A
00213,N/A,N/A,N/A,N/A,N/A,N/A,N/A,N/A,N/A,N/A,N/A,N/A,N/A,N/A,N/A,N/A
00214,AUS,0/7,BANCROFT,5,N/A,WARNER,2,3,BROAD,3,0,3.3,N/A,N/A,N/A,N/A
00215,N/A,N/A,N/A,N/A,N/A,N/A,N/A,N/A,N/A,N/A,N/A,N/A,N/A,N/A,N/A,N/A
00216,N/A,N/A,N/A,N/A,N/A,N/A,N/A,N/A,N/A,N/A,N/A,N/A,N/A,N/A,N/A,N/A
00217,N/A,N/A,N/A,N/A,N/A,N/A,N/A,N/A,N/A,N/A,N/A,N/A,N/A,N/A,N/A,N/A
00218,N/A,N/A,N/A,N/A,N/A,N/A,N/A,N/A,N/A,N/A,N/A,N/A,N/A,N/A,N/A,N/A
00219,N/A,N/A,N/A,N/A,N/A,N/A,N/A,N/A,N/A,N/A,N/A,N/A,N/A,N/A,N/A,N/A
00220,N/A,N/A,N/A,N/A,N/A,N/A,N/A,N/A,N/A,N/A,N/A,N/A,N/A,N/A,N/A,N/A
00221,N/A,N/A,N/A,N/A,N/A,N/A,N/A,N/A,N/A,N/A,N/A,N/A,N/A,N/A,N/A,N/A
00222,N/A,N/A,N/A,N/A,N/A,N/A,N/A,N/A,N/A,N/A,N/A,N/A,N/A,N/A,N/A,N/A
00223,N/A,N/A,N/A,N/A,N/A,N/A,N/A,N/A,N/A,N/A,N/A,N/A,N/A,N/A,N/A,N/A
00224,N/A,N/A,N/A,N/A,N/A,N/A,N/A,N/A,N/A,N/A,N/A,N/A,N/A,N/A,N/A,N/A
00225,N/A,N/A,N/A,N/A,N/A,N/A,N/A,N/A,N/A,N/A,N/A,N/A,N/A,N/A,N/A,N/A
00226,AUS,1/7,N/A,N/A,N/A,N/A,N/A,N/A,N/A,N/A,N/A,3.4,N/A,N/A,N/A,N/A
00227,AUS,1/8,KHAWAJA,0,5,WARNER,3,0,ANDERSON,5,0,4.4,N/A,N/A,N/A,N/A
00228,N/A,N/A,N/A,N/A,N/A,N/A,N/A,N/A,N/A,N/A,N/A,N/A,N/A,N/A,N/A,N/A
00229,N/A,N/A,N/A,N/A,N/A,N/A,N/A,N/A,N/A,N/A,N/A,N/A,N/A,N/A,N/A,N/A
00230,ENG,N/A,N/A,N/A,N/A,ENG,302,0,N/A,N/A,N/A,N/A,N/A,N/A,N/A,N/A
00231,N/A,N/A,N/A,N/A,N/A,N/A,N/A,N/A,N/A,N/A,N/A,N/A,N/A,N/A,N/A,N/A
00232,N/A,N/A,N/A,N/A,N/A,N/A,N/A,N/A,N/A,N/A,N/A,N/A,N/A,N/A,N/A,N/A
00233,N/A,N/A,N/A,N/A,N/A,N/A,N/A,N/A,N/A,N/A,N/A,N/A,N/A,N/A,N/A,N/A
00234,N/A,N/A,N/A,N/A,N/A,N/A,N/A,N/A,N/A,N/A,N/A,N/A,N/A,N/A,N/A,N/A
00235,N/A,N/A,N/A,N/A,N/A,N/A,N/A,N/A,N/A,N/A,N/A,N/A,N/A,N/A,N/A,N/A
00236,N/A,N/A,N/A,N/A,N/A,N/A,N/A,N/A,N/A,N/A,N/A,N/A,N/A,N/A,N/A,N/A
00237,N/A,N/A,N/A,N/A,N/A,N/A,N/A,N/A,N/A,N/A,N/A,N/A,N/A,N/A,N/A,N/A
00238,N/A,N/A,N/A,N/A,N/A,N/A,N/A,N/A,N/A,N/A,N/A,N/A,N/A,N/A,N/A,N/A
00239,N/A,N/A,N/A,N/A,N/A,N/A,N/A,N/A,N/A,N/A,N/A,N/A,N/A,N/A,N/A,N/A
00240,N/A,N/A,N/A,N/A,N/A,N/A,N/A,N/A,N/A,N/A,N/A,N/A,N/A,N/A,N/A,N/A
00241,N/A,N/A,N/A,N/A,N/A,N/A,N/A,N/A,N/A,N/A,N/A,N/A,N/A,N/A,N/A,N/A
00242,N/A,N/A,N/A,N/A,N/A,N/A,N/A,N/A,N/A,N/A,N/A,N/A,N/A,N/A,N/A,N/A
00243,N/A,N/A,N/A,N/A,N/A,N/A,N/A,N/A,N/A,N/A,N/A,N/A,N/A,N/A,N/A,N/A
00244,N/A,N/A,N/A,N/A,N/A,N/A,N/A,N/A,N/A,N/A,N/A,N/A,N/A,N/A,N/A,N/A
00245,N/A,N/A,N/A,N/A,N/A,N/A,N/A,N/A,N/A,N/A,N/A,N/A,N/A,N/A,N/A,N/A
00246,N/A,N/A,N/A,N/A,N/A,N/A,N/A,N/A,N/A,N/A,N/A,N/A,N/A,N/A,N/A,N/A
00247,N/A,N/A,N/A,N/A,N/A,N/A,N/A,N/A,N/A,N/A,N/A,N/A,N/A,N/A,N/A,N/A
00248,N/A,N/A,N/A,N/A,N/A,N/A,N/A,N/A,N/A,N/A,N/A,N/A,N/A,N/A,N/A,N/A
00249,N/A,N/A,N/A,N/A,N/A,N/A,N/A,N/A,N/A,N/A,N/A,N/A,N/A,N/A,N/A,N/A
00250,N/A,N/A,N/A,N/A,N/A,N/A,N/A,N/A,N/A,N/A,N/A,N/A,N/A,N/A,N/A,N/A
00251,N/A,N/A,N/A,N/A,N/A,N/A,N/A,N/A,N/A,N/A,N/A,N/A,N/A,N/A,N/A,N/A
00252,AUS,2/59,WARNER,26,42,SMITH,16,33,BALL,5,0,19.3,N/A,N/A,N/A,N/A
00253,N/A,N/A,N/A,N/A,N/A,N/A,N/A,N/A,N/A,N/A,N/A,N/A,N/A,N/A,N/A,N/A
00254,AUS,3/76,HANDSCOMB,14,16,SMITH,19,47,ANDERSON,12,0,24.4,N/A,N/A,N/A,N/A
00255,AUS,3/76,HANDSCOMB,14,16,SMITH,19,47,ANDERSON,12,0,24.4,N/A,N/A,N/A,N/A
00256,AUS,3/76,HANDSCOMB,14,16,SMITH,19,0,ANDERSON,12,0,24.4,N/A,N/A,N/A,N/A
00257,AUS,3/76,HANDSCOMB,14,N/A,SMITH,19,0,ANDERSON,12,0,24.4,N/A,N/A,N/A,N/A
00258,AUS,3/76,HANDSCOMB,14,16,SMITH,19,47,ANDERSON,12,0,24.4,N/A,N/A,N/A,N/A
00259,AUS,3/76,HANDSCOMB,14,16,SMITH,19,47,ANDERSON,12,0,24.4,N/A,N/A,N/A,N/A
00260,AUS,3/76,HANDSCOMB,14,16,SMITH,19,47,ANDERSON,12,0,24.4,N/A,N/A,N/A,N/A
00261,AUS,3/76,HANDSCOMB,14,16,SMITH,19,47,ANDERSON,12,0,24.4,N/A,N/A,N/A,N/A
00262,AUS,3/76,HANDSCOMB,14,16,SMITH,19,47,ANDERSON,12,0,24.4,N/A,N/A,N/A,N/A
00263,AUS,3/76,HANDSCOMB,14,16,SMITH,19,47,ANDERSON,12,0,24.4,N/A,N/A,N/A,N/A
00264,AUS,3/76,HANDSCOMB,14,16,SMITH,19,47,ANDERSON,12,0,24.4,N/A,N/A,N/A,N/A
00265,AUS,3/76,HANDSCOMB,1416,N/A,SMITH,19,47,ANDERSON,12,0,24.4,N/A,N/A,N/A,N/A
00266,AUS,3/76,HANDSCOMB,14,16,SMITH,19,47,ANDERSON,12,0,24.4,N/A,N/A,N/A,N/A
00267,IN,N/A,N/A,N/A,N/A,N/A,N/A,N/A,N/A,N/A,N/A,N/A,N/A,N/A,N/A,N/A
00268,N/A,N/A,N/A,N/A,N/A,N/A,N/A,N/A,N/A,N/A,N/A,N/A,N/A,N/A,N/A,N/A
N/A,N/A,N/A,N/A,N/A,N/A,N/A,N/A,N/A,N/A,N/A,N/A,N/A,N/A,N/A,N/A,N/A
